AGENCY_ID, REPORT_DATE, OFFENSE_START_TIME, REPORT_KEY, REPORT_CODE, CATEGORY, BLOCK_ADDRESS, CITY, ZIP
Sheriff,2/17/2024,03:51:00AM,SO24-50553,CM,VANDAL/CRIM MISCH,1500 Block of WOODLANDS DR ,PINELLAS SO,34677
Clearwater PD,2/16/2024,02:30:00AM,CW24-26356,GT,THEFT-GRAND,300 Block of ELIZABETH AVE ,CLEARWATER,33759
Sheriff,2/22/2024,02:11:00PM,SO24-56459,PTS,THEFT-SHOPLIFTING,6300 Block of 54TH AVE N ,PINELLAS SO,33709
Sheriff,2/18/2024,04:57:00PM,SO24-51826,BAT,BATTERY,2700 Block of US HIGHWAY 19A ,PINELLAS SO,34683
Sheriff,2/17/2024,07:29:00AM,SO24-50613,A,ASSAULT,36700 Block of US HIGHWAY 19 N ,PINELLAS SO,34684
Sheriff,2/17/2024,04:35:00AM,SO24-50568,PTTB,THEFT-PETIT,4900 Block of 34TH ST N ,PINELLAS SO,33714
Clearwater PD,2/17/2024,03:48:00PM,CW24-26689,PT,THEFT-PETIT,GULF TO BAY & US HIGHWAY 19,CLEARWATER,
Tarpon Springs PD,2/17/2024,11:33:00AM,TS24-5587,A,ASSAULT,100 Block of W TARPON AVE ,TARPON SPRINGS,34689
Sheriff,2/17/2024,04:30:00PM,SO24-50847,GTA,STOLEN VEHICLE,6000 Block of CRESTMONT AVE ,PINELLAS SO,33760
Clearwater PD,2/18/2024,07:51:00PM,CW24-27271,GTA,STOLEN VEHICLE,1800 Block of N KEENE RD ,CLEARWATER,33755
Sheriff,2/17/2024,10:50:00PM,SO24-51031,TAWN,TRESPASS,5700 Block of 34TH ST N ,PINELLAS SO,33714
Sheriff,2/17/2024,10:37:00PM,SO24-51028,PTTB,THEFT-PETIT,6000 Block of 49TH ST N ,PINELLAS SO,33709
Clearwater PD,2/18/2024,06:50:00PM,CW24-27144,PT,THEFT-PETIT,2000 Block of GLASS LOOP ,CLEARWATER,33763
Clearwater PD,2/18/2024,08:30:00PM,CW24-27099,BRGC,BURGLARY-VEHICLE,800 Block of WOODLAWN LOOP ,CLEARWATER,33756
Clearwater PD,2/18/2024,08:40:00AM,CW24-26987,GTS,THEFT-SHOPLIFTING,1600 Block of S MISSOURI AVE ,CLEARWATER,33756
Sheriff,2/17/2024,09:41:00PM,SO24-51002,TAWN,TRESPASS,5300 Block of 66TH ST N ,PINELLAS SO,33709
Sheriff,2/17/2024,06:00:00PM,SO24-51011,BRGC,BURGLARY-VEHICLE,3300 Block of WEDGEWOOD WAY ,PINELLAS SO,34688
Sheriff,2/22/2024,09:55:00AM,SO24-56211,BAT,BATTERY,12000 Block of ULMERTON RD ,PINELLAS SO,33774
Sheriff,2/23/2024,02:46:00PM,SO24-57418,CMF,VANDAL/CRIM MISCH,5700 Block of 49TH ST N ,PINELLAS SO,33709
Sheriff,2/23/2024,02:15:00PM,SO24-57415,CMF,VANDAL/CRIM MISCH,6200 Block of SEMINOLE BLVD ,SEMINOLE,33772
Clearwater PD,2/23/2024,04:00:00PM,CW24-29960,PT,THEFT-PETIT,400 Block of E SHORE DR ,CLEARWATER,33767
Clearwater PD,2/21/2024,09:31:00PM,CW24-28951,LSAP,TRAFFIC ACCIDENT,DREW ST & OLD COACHMAN RD N,CLEARWATER,33765
Sheriff,2/22/2024,07:00:00AM,SO24-56894,MPJU,MISSING PERSON,3100 Block of 50TH AVE N ,PINELLAS SO,33714
Clearwater PD,2/27/2024,01:15:00PM,PS24-838,BAT,BATTERY,2200 Block of NE COACHMAN RD ,CLEARWATER,33765
Clearwater PD,2/28/2024,05:00:00PM,CW24-32835,PTS,THEFT-SHOPLIFTING,2400 Block of GULF TO BAY BLVD ,CLEARWATER,33765
Sheriff,2/28/2024,01:59:00AM,SO24-62247,PT,THEFT-PETIT,3900 Block of 55TH AVE N ,PINELLAS SO,33714
Sheriff,2/21/2024,09:46:00PM,SO24-55719,BAT,BATTERY,3600 Block of 49TH AVE N ,PINELLAS SO,33714
Gulfport PD,2/22/2024,12:38:00PM,GP24-2921,BRGR,BURGLARY-RESIDENCE,5200 Block of GULFPORT BLVD S ,GULFPORT,33707
Sheriff,2/22/2024,Unknown,SO24-56557,CM,VANDAL/CRIM MISCH,900 Block of 1ST AVE N ,SAFETY HARBOR,34695
Tarpon Springs PD,2/17/2024,04:35:00AM,TS24-5571,LSAP,TRAFFIC ACCIDENT,E MLK DR & US HIGHWAY 19 N,TARPON SPRINGS,34689
Sheriff,2/22/2024,10:06:00AM,SO24-56254,PT,THEFT-PETIT,6400 Block of 29TH ST N ,PINELLAS SO,33702
Sheriff,2/21/2024,09:52:00PM,SO24-55727,BAT,BATTERY,13700 Block of 60TH ST N ,PINELLAS SO,33760
Sheriff,2/17/2024,12:22:00AM,SO24-50463,B65,BATTERY ,BAYSHORE BLVD & TRADEWINDS DR S,PINELLAS SO,34698
Sheriff,2/18/2024,04:00:00AM,SO24-51451,PT,THEFT-PETIT,400 Block of 2ND ST ,INDIAN ROCKS BEACH,33785
Sheriff,2/19/2024,06:00:00AM,SO24-52595,PT,THEFT-PETIT,0 Block of LAKE SHORE DR ,PINELLAS SO,34684
Sheriff,2/22/2024,12:00:00AM,SO24-56262,PT,THEFT-PETIT,10400 Block of HAMLIN BLVD ,PINELLAS SO,33774
Clearwater PD,2/22/2024,08:30:00PM,CW24-29523,BAT,BATTERY,100 Block of N FREDRICA AVE ,CLEARWATER,33755
Clearwater PD,2/22/2024,06:40:00PM,CW24-29493,PTS,THEFT-SHOPLIFTING,600 Block of S FORT HARRISON AVE ,CLEARWATER,33756
Clearwater PD,2/22/2024,06:26:00PM,CW24-29442,GTA,STOLEN VEHICLE,500 Block of N BETTY LN ,CLEARWATER,33755
Treasure Island PD,2/22/2024,08:05:00AM,TI24-5155,PFF,WEAPON,9600 Block of GULF BLVD ,TREASURE ISLAND,33706
Sheriff,2/17/2024,02:48:00AM,SO24-50533,PTS,THEFT-SHOPLIFTING,2600 Block of BAYSHORE BLVD ,DUNEDIN,34698
Gulfport PD,2/18/2024,09:45:00AM,GP24-2693,LSAP,TRAFFIC ACCIDENT,28TH AVE S & BEACH BLVD S,GULFPORT,33707
Sheriff,2/18/2024,12:35:00PM,SO24-51423,BAT,BATTERY,8400 Block of BRYAN DAIRY RD ,PINELLAS SO,33777
Clearwater PD,2/16/2024,11:59:00PM,CW24-26468,BAT,BATTERY,600 Block of S GULFVIEW BLVD ,CLEARWATER,33767
Sheriff,2/22/2024,07:48:00AM,SO24-56054,PTS,THEFT-SHOPLIFTING,7800 Block of 113TH ST N ,PINELLAS SO,33772
Sheriff,2/18/2024,02:11:00PM,SO24-51810,PT,THEFT-PETIT,1200 Block of COUNTY ROAD 1 ,DUNEDIN,34698
Sheriff,2/18/2024,02:37:00PM,SO24-51825,GTS,THEFT-SHOPLIFTING,30100 Block of US HIGHWAY 19 N ,PINELLAS SO,33761
Clearwater PD,2/18/2024,07:00:00PM,CW24-27026,PT,THEFT-PETIT,1500 Block of S WASHINGTON AVE ,CLEARWATER,33756
Sheriff,2/22/2024,11:24:00AM,SO24-56291,AB,BATTERY-AGGRAVATED,ROOSEVELT BLVD & 49TH ST N,PINELLAS SO,33760
Clearwater PD,2/22/2024,01:13:00AM,CW24-29066,CM,VANDAL/CRIM MISCH,200 Block of N OSCEOLA AVE ,CLEARWATER,33755
Sheriff,2/22/2024,03:00:00PM,SO24-56577,B65,BATTERY ,6900 Block of 70TH AVE N ,PINELLAS SO,33781
Tarpon Springs PD,2/21/2024,08:38:00PM,TS24-6075,PT,THEFT-PETIT,41200 Block of US HIGHWAY 19 N ,TARPON SPRINGS,34689
Sheriff,2/22/2024,02:36:00AM,SO24-56318,CMF,VANDAL/CRIM MISCH,4800 Block of 34TH ST N ,PINELLAS SO,33714
Sheriff,2/22/2024,11:09:00AM,SO24-56279,PTS,THEFT-SHOPLIFTING,1600 Block of MAIN ST ,DUNEDIN,34698
Clearwater PD,2/23/2024,10:00:00AM,CW24-29739,BRGC,BURGLARY-VEHICLE,1300 Block of BYRON DR ,CLEARWATER,33756
Sheriff,2/19/2024,03:10:00PM,SO24-52945,MPJE,MISSING PERSON,4500 Block of 41ST AVE N ,PINELLAS SO,33714
Sheriff,2/19/2024,01:55:00PM,SO24-52463,PT,THEFT-PETIT,3500 Block of E BAY DR ,LARGO,33771
Clearwater PD,2/19/2024,12:12:00PM,SO24-52680,RSVO,STOLEN VEHICLE - REC,WEST AVE & PALMETTO ST,CLEARWATER,33755
Sheriff,2/19/2024,11:00:00PM,SO24-52214,MPJU,MISSING PERSON,2600 Block of 63RD TER N ,PINELLAS SO,33702
Sheriff,2/23/2024,11:57:00AM,SO24-57310,FB,BATTERY,N KEENE RD & COUNTRY LAKES DR,DUNEDIN,34698
Treasure Island PD,2/23/2024,02:34:00AM,TI24-5212,TAWN,TRESPASS,10600 Block of GULF BLVD ,TREASURE ISLAND,33706
Sheriff,2/17/2024,01:27:00PM,SO24-50764,TAWN,TRESPASS,14800 Block of 49TH ST N ,PINELLAS SO,33762
Sheriff,2/17/2024,12:00:00PM,SO24-50727,GTS,THEFT-SHOPLIFTING,900 Block of E LAKE RD ,PINELLAS SO,34685
Sheriff,2/17/2024,02:32:00PM,SO24-50803,BRGR,BURGLARY-RESIDENCE,2500 Block of 49TH AVE N ,PINELLAS SO,33714
Clearwater PD,2/17/2024,08:52:00PM,CW24-26610,PTS,THEFT-SHOPLIFTING,23100 Block of US HIGHWAY 19 N ,CLEARWATER,33765
Sheriff,2/17/2024,12:47:00PM,SO24-50782,BRGC,BURGLARY-VEHICLE,5200 Block of 65TH ST N ,PINELLAS SO,33709
Sheriff,2/16/2024,01:31:00AM,SO24-49790,AL,ALARM,4700 Block of 34TH ST N ,PINELLAS SO,33714
Clearwater PD,2/16/2024,03:40:00PM,CW24-26273,CM,VANDAL/CRIM MISCH,2700 Block of GULF TO BAY BLVD ,CLEARWATER,33759
Sheriff,2/24/2024,02:13:00AM,SO24-57918,PTS,THEFT-SHOPLIFTING,3400 Block of ULMERTON RD ,PINELLAS SO,33762
Sheriff,2/28/2024,Unknown,CW24-32679,PT,THEFT-PETIT,1500 Block of MICHIGAN AVE ,,
Sheriff,2/28/2024,10:44:00PM,SO24-63362,CM,VANDAL/CRIM MISCH,8400 Block of ULMERTON RD ,PINELLAS SO,33771
Sheriff,2/27/2024,12:00:00AM,SO24-61418,BRGC,BURGLARY-VEHICLE,2700 Block of SHERBROOKE LN ,PINELLAS SO,34684
Sheriff,2/28/2024,01:45:00AM,SO24-62522,BRC,BURGLARY-RESIDENCE,3300 Block of OLD VILLAGE WAY ,OLDSMAR,34677
Sheriff,2/19/2024,03:45:00AM,SO24-52212,CM,VANDAL/CRIM MISCH,13300 Block of SEMINOLE BLVD ,PINELLAS SO,33778
Sheriff,2/19/2024,05:53:00AM,SO24-52239,RFF,WEAPON,13600 Block of 66TH ST N ,PINELLAS SO,33771
Sheriff,2/18/2024,06:00:00PM,SO24-52037,CM,VANDAL/CRIM MISCH,1500 Block of STURBRIDGE CT ,DUNEDIN,34698
Sheriff,2/24/2024,09:00:00PM,SO24-58161,BRGR,BURGLARY-RESIDENCE,1300 Block of NEBRASKA AVE ,PINELLAS SO,34683
Sheriff,2/18/2024,06:58:00PM,SO24-51910,MPJU,MISSING PERSON,4800 Block of PLEASANT AVE ,PINELLAS SO,34683
Sheriff,2/24/2024,06:00:00PM,SO24-58101,PT,THEFT-PETIT,3500 Block of 50TH AVE N ,PINELLAS SO,33714
Sheriff,2/23/2024,03:30:00PM,SO24-57197,BRGC,BURGLARY-VEHICLE,2600 Block of HIGHLANDS BLVD N ,PINELLAS SO,34684
Tarpon Springs PD,2/24/2024,01:45:00AM,TS24-6331,GTA,STOLEN VEHICLE,100 Block of E LIME ST ,TARPON SPRINGS,34689
Tarpon Springs PD,2/26/2024,01:55:00PM,TS24-6535,PTS,THEFT-SHOPLIFTING,41200 Block of US HIGHWAY 19 N ,TARPON SPRINGS,34689
Sheriff,2/26/2024,11:13:00PM,SO24-61044,PT,THEFT-PETIT,400 Block of GULF BLVD ,INDIAN ROCKS BEACH,33785
Clearwater PD,2/23/2024,10:00:00PM,CW24-29982,BRGC,BURGLARY-VEHICLE,1500 Block of CHATEAUX DE VILLE CT ,CLEARWATER,33764
Sheriff,2/20/2024,03:36:00PM,SO24-54158,PT,THEFT-PETIT,ULMERTON RD & US HIGHWAY 19 N,PINELLAS SO,33764
Clearwater PD,2/20/2024,12:00:00PM,CW24-28081,GT,THEFT-GRAND,21000 Block of US HIGHWAY 19 N ,CLEARWATER,33765
Clearwater PD,2/16/2024,12:00:00AM,CW24-25646,BAT,BATTERY,PENNSYLVANIA AVE & CARLTON ST,CLEARWATER,33755
Sheriff,2/15/2024,07:14:00AM,CW24-25453,GTA,STOLEN VEHICLE,1200 Block of MISSOURI AVE ,,
Tarpon Springs PD,2/15/2024,02:38:00PM,TS24-5414,LSAI,TRAFFIC ACCIDENT,40000 Block of US HIGHWAY 19 N ,TARPON SPRINGS,34689
Clearwater PD,2/22/2024,08:43:00PM,CW24-29553,BRGC,BURGLARY-VEHICLE,100 Block of CORONADO DR ,CLEARWATER,33767
Sheriff,2/24/2024,03:59:00PM,SO24-58369,PTS,THEFT-SHOPLIFTING,5000 Block of 34TH ST N ,PINELLAS SO,33714
Clearwater PD,2/24/2024,01:40:00AM,CW24-30215,BAT,BATTERY,1200 Block of S HIGHLAND AVE ,CLEARWATER,33756
Treasure Island PD,2/15/2024,03:40:00AM,TI24-4424,LSAP,TRAFFIC ACCIDENT,11100 Block of GULF BLVD ,TREASURE ISLAND,33706
Clearwater PD,2/15/2024,12:00:00AM,CW24-25805,PTTB,THEFT-PETIT,1700 Block of GULF TO BAY BLVD ,CLEARWATER,33755
Gulfport PD,2/20/2024,06:00:00PM,GP24-2823,GTR,THEFT-GRAND,900 Block of HULL ST S ,GULFPORT,33707
Clearwater PD,2/18/2024,08:30:00PM,CW24-27099,ABCO,BURGLARY-VEHICLE,800 Block of WOODLAWN LOOP ,CLEARWATER,33756
Sheriff,2/28/2024,06:01:00PM,SO24-63132,TDCS,TRESPASS,1700 Block of E KLOSTERMAN RD ,PINELLAS SO,34683
Sheriff,2/27/2024,05:28:00PM,SO24-61932,GT,THEFT-GRAND,6500 Block of 54TH AVE N ,PINELLAS SO,33709
Sheriff,2/28/2024,08:15:00PM,SO24-63260,BAT,BATTERY,35100 Block of US HIGHWAY 19 N ,PINELLAS SO,34684
Tarpon Springs PD,2/27/2024,11:43:00AM,TS24-6643,PT,THEFT-PETIT,1800 Block of GULF RD ,TARPON SPRINGS,34689
Clearwater PD,2/20/2024,02:30:00PM,CW24-28284,BSC,BURGLARY-STRUCTURE,600 Block of ELDRIDGE ST ,CLEARWATER,33755
Sheriff,2/18/2024,09:15:00PM,SO24-52045,PTS,THEFT-SHOPLIFTING,7300 Block of SEMINOLE BLVD ,SEMINOLE,33772
Clearwater PD,2/19/2024,11:09:00PM,CW24-27891,PTS,THEFT-SHOPLIFTING,400 Block of POINSETTIA AVE ,CLEARWATER,33767
Sheriff,2/25/2024,07:07:00PM,SO24-59661,MPJU,MISSING PERSON,3300 Block of PINE CONE CIR ,PINELLAS SO,33760
Tarpon Springs PD,2/28/2024,01:05:00PM,TS24-6755,BAT,BATTERY,1400 Block of GULF RD ,TARPON SPRINGS,34689
Sheriff,2/21/2024,04:03:00AM,SO24-55639,BSC,BURGLARY-STRUCTURE,1500 Block of COUNTY ROAD 1 ,DUNEDIN,34698
Tarpon Springs PD,2/15/2024,11:41:00AM,TS24-5400,PTS,THEFT-SHOPLIFTING,41200 Block of US HIGHWAY 19 N ,TARPON SPRINGS,34689
Sheriff,2/21/2024,04:39:00PM,SO24-55466,PTPP,THEFT-PETIT,9200 Block of 113TH ST N ,SEMINOLE,33772
Sheriff,2/21/2024,09:57:00PM,SO24-54933,BRGC,BURGLARY-VEHICLE,10900 Block of 49TH ST N ,PINELLAS SO,33762
Tarpon Springs PD,2/21/2024,01:53:00PM,TS24-6046,PTS,THEFT-SHOPLIFTING,1100 Block of S PINELLAS AVE ,TARPON SPRINGS,34689
Indian Shores PD,2/20/2024,12:00:00PM,IS24-1894,GT,THEFT-GRAND,20000 Block of GULF BLVD ,INDIAN SHORES,33785
Sheriff,2/26/2024,12:00:00AM,SO24-60094,PT,THEFT-PETIT,1400 Block of MAPLE FOREST RD ,PINELLAS SO,33764
Gulfport PD,2/26/2024,12:00:00AM,GP24-3156,GT,THEFT-GRAND,6000 Block of SHORE BLVD S ,GULFPORT,33707
Sheriff,2/25/2024,08:00:00PM,SO24-59520,MPJU,MISSING PERSON,13500 Block of 120TH ST N ,PINELLAS SO,33778
Sheriff,2/26/2024,08:00:00PM,SO24-60121,BRGC,BURGLARY-VEHICLE,1000 Block of RIDGE VIEW LN ,PINELLAS SO,34683
Sheriff,2/26/2024,11:56:00AM,SO24-60319,GTS,THEFT-SHOPLIFTING,7800 Block of 113TH ST N ,SEMINOLE,33772
Clearwater PD,2/17/2024,12:20:00AM,CW24-26476,AB,BATTERY-AGGRAVATED,1200 Block of ROGERS ST ,CLEARWATER,33756
Gulfport PD,2/20/2024,06:05:00PM,GP24-2826,CM,VANDAL/CRIM MISCH,5600 Block of GULFPORT BLVD S ,GULFPORT,33707
Sheriff,2/20/2024,01:09:00PM,SO24-54312,MPJE,MISSING PERSON,8200 Block of 127TH ST N ,PINELLAS SO,33776
Clearwater PD,2/20/2024,Unknown,CW24-28179,PT,THEFT-PETIT,600 Block of PIERCE ST ,CLEARWATER,33756
Sheriff,2/26/2024,11:00:00PM,SO24-60139,BRGC,BURGLARY-VEHICLE,1700 Block of W GROVELEAF AVE ,PINELLAS SO,34683
Sheriff,2/23/2024,08:02:00PM,SO24-57623,LSAP,TRAFFIC ACCIDENT,3RD ST N & PHILIPPE PKWY,SAFETY HARBOR,34695
Sheriff,2/22/2024,11:14:00PM,SO24-56891,PTS,THEFT-SHOPLIFTING,3800 Block of TAMPA RD ,OLDSMAR,34677
Clearwater PD,2/25/2024,11:30:00AM,CW24-30980,BRGC,BURGLARY-VEHICLE,2700 Block of HAVERHILL CT ,CLEARWATER,33761
Sheriff,2/26/2024,03:03:00PM,SO24-60607,RSVO,STOLEN VEHICLE - REC,13500 Block of FEATHER SOUND DR ,PINELLAS SO,33762
Sheriff,2/26/2024,10:00:00AM,SO24-59900,MPA,MISSING PERSON,14800 Block of SEMINOLE TRL ,PINELLAS SO,33776
Clearwater PD,2/26/2024,09:02:00AM,CW24-31443,BRGC,BURGLARY-VEHICLE,900 Block of TURNER ST ,CLEARWATER,33756
Clearwater PD,2/19/2024,10:29:00AM,CW24-27575,B65,BATTERY ,200 Block of PROSPECT AVE ,CLEARWATER,
Sheriff,2/19/2024,01:52:00PM,SO24-52789,TAWN,TRESPASS,35600 Block of US HIGHWAY 19 N ,PINELLAS SO,34684
Sheriff,2/19/2024,08:01:00AM,SO24-52340,MPJU,MISSING PERSON,6700 Block of 54TH AVE N ,PINELLAS SO,33709
Sheriff,2/19/2024,12:03:00PM,SO24-52685,BRGR,BURGLARY-RESIDENCE,11000 Block of 100TH AVE N ,SEMINOLE,33772
Sheriff,2/19/2024,02:00:00AM,SO24-52488,BRGR,BURGLARY-RESIDENCE,2900 Block of 62ND AVE N ,PINELLAS SO,33702
Sheriff,2/19/2024,12:00:00AM,SO24-52981,PT,THEFT-PETIT,6300 Block of 126TH AVE N ,PINELLAS SO,33773
Sheriff,2/19/2024,10:32:00AM,SO24-52533,TAWN,TRESPASS,15100 Block of GULF BLVD ,MADEIRA BEACH,33708
Sheriff,2/19/2024,03:55:00PM,SO24-52969,PT,THEFT-PETIT,6700 Block of 46TH AVE N ,PINELLAS SO,33709
Clearwater PD,2/17/2024,05:00:00PM,CW24-26642,CM,VANDAL/CRIM MISCH,1100 Block of N PINE ST ,CLEARWATER,33756
Clearwater PD,2/26/2024,12:06:00AM,CW24-31290,AB,BATTERY-AGGRAVATED,1400 Block of N BETTY LN ,CLEARWATER,33755
Sheriff,2/28/2024,01:55:00PM,SO24-62715,GT,THEFT-GRAND,4900 Block of 62ND ST N ,PINELLAS SO,33709
Clearwater PD,2/28/2024,09:40:00PM,CW24-32983,BAT,BATTERY,1400 Block of N OSCEOLA AVE ,CLEARWATER,33755
Clearwater PD,2/20/2024,04:25:00PM,CW24-28261,CM,VANDAL/CRIM MISCH,1400 Block of S BELCHER RD ,CLEARWATER,33764
Treasure Island PD,2/15/2024,08:22:00PM,TI24-4461,GTA,STOLEN VEHICLE,200 Block of 107TH AVE ,TREASURE ISLAND,33706
Clearwater PD,2/20/2024,09:00:00AM,CW24-27936,MPJU,MISSING PERSON,600 Block of N KEENE RD ,CLEARWATER,33755
Sheriff,2/19/2024,12:00:00AM,SO24-52579,GT,THEFT-GRAND,1000 Block of BROADWAY BLVD ,DUNEDIN,34698
Sheriff,2/20/2024,12:45:00AM,SO24-53583,BRGR,BURGLARY-RESIDENCE,1100 Block of WOODCREST AVE ,PINELLAS SO,33756
Belleair PD,2/27/2024,04:00:00PM,BE24-3244,BSC,BURGLARY-STRUCTURE,700 Block of POINSETTIA RD ,BELLEAIR,33756
Sheriff,2/19/2024,03:55:00PM,SO24-52969,PT,THEFT-PETIT,6700 Block of 46TH AVE N ,PINELLAS SO,33709
Sheriff,2/20/2024,12:00:00AM,SO24-53312,BRGC,BURGLARY-VEHICLE,1300 Block of 1/2 WILLIAMS DR ,PINELLAS SO,33778
Sheriff,2/20/2024,07:57:00AM,SO24-53455,LSAP,TRAFFIC ACCIDENT,PARK BLVD N & SEMINOLE BLVD,SEMINOLE,33772
Sheriff,2/23/2024,04:20:00PM,SO24-57483,LSAP,TRAFFIC ACCIDENT,5600 Block of 66TH ST N ,PINELLAS SO,33709
Sheriff,2/24/2024,03:00:00PM,SO24-58245,LSAP,TRAFFIC ACCIDENT,10900 Block of 117TH ST N ,SEMINOLE,33778
Clearwater PD,2/25/2024,08:10:00PM,CW24-31209,PT,THEFT-PETIT,1800 Block of N HIGHLAND AVE ,CLEARWATER,33755
Sheriff,2/26/2024,12:30:00PM,PS24-817,AB,BATTERY-AGGRAVATED,5000 Block of 76TH AVE N ,PINELLAS PARK,33781
Sheriff,2/25/2024,06:30:00PM,SO24-59638,CM,VANDAL/CRIM MISCH,6900 Block of 54TH AVE N ,PINELLAS SO,33709
Sheriff,2/15/2024,12:31:00PM,SO24-49120,BRGC,BURGLARY-VEHICLE,6100 Block of 105TH TER N ,PINELLAS SO,33782
Sheriff,2/15/2024,06:00:00AM,SO24-48894,MUR,HOMICIDE,7900 Block of SMOKETREE CT ,PINELLAS SO,33773
Sheriff,2/19/2024,07:05:00PM,SO24-53068,GTS,THEFT-SHOPLIFTING,3800 Block of TAMPA RD ,OLDSMAR,34677
Clearwater PD,2/25/2024,12:00:00AM,CW24-30980,BRGC,BURGLARY-VEHICLE,2700 Block of HAVERHILL CT ,CLEARWATER,33761
Clearwater PD,2/25/2024,12:00:00AM,CW24-31161,PT,THEFT-PETIT,700 Block of COURT ST ,CLEARWATER,33756
Clearwater PD,2/25/2024,02:00:00PM,CW24-31135,GTA,STOLEN VEHICLE,500 Block of FAIRWOOD AVE ,CLEARWATER,33759
Sheriff,2/21/2024,09:57:00AM,SO24-54947,BRGR,BURGLARY-RESIDENCE,1600 Block of LEVERN ST ,PINELLAS SO,33755
Clearwater PD,2/21/2024,06:00:00PM,CW24-28844,PTS,THEFT-SHOPLIFTING,2100 Block of GULF TO BAY BLVD ,CLEARWATER,33765
Sheriff,2/20/2024,10:30:00AM,PS24-698,PWSP,WEAPON,4900 Block of 28TH ST N ,PINELLAS SO,33714
Clearwater PD,2/20/2024,11:00:00AM,CW24-28233,MPA,MISSING PERSON,2100 Block of BEECHER RD ,CLEARWATER,33763
Sheriff,2/25/2024,02:30:00AM,SO24-59375,BRGR,BURGLARY-RESIDENCE,1800 Block of SUNRISE BLVD ,PINELLAS SO,33760
Sheriff,2/24/2024,07:52:00PM,SO24-58528,BAT,BATTERY,7500 Block of 46TH AVE N ,PINELLAS SO,33709
Tarpon Springs PD,2/25/2024,08:49:00AM,TS24-6406,PFF,WEAPON,1400 Block of VERMONT AVE ,TARPON SPRINGS,34689
Sheriff,2/16/2024,12:00:00AM,SO24-50084,RFF,WEAPON,8600 Block of 124TH WAY N ,PINELLAS SO,33772
Sheriff,2/26/2024,05:05:00AM,SO24-60003,BRGC,BURGLARY-VEHICLE,1200 Block of TIMBERBROOKE DR ,PINELLAS SO,34684
Sheriff,2/26/2024,11:00:00PM,SO24-60139,BRGC,BURGLARY-VEHICLE,1700 Block of W GROVELEAF AVE ,PINELLAS SO,34683
Sheriff,2/25/2024,06:46:00PM,SO24-59645,PTS,THEFT-SHOPLIFTING,5300 Block of 66TH ST N ,PINELLAS SO,33709
Sheriff,2/26/2024,11:13:00PM,SO24-61044,PT,THEFT-PETIT,400 Block of GULF BLVD ,INDIAN ROCKS BEACH,33785
Sheriff,2/21/2024,11:04:00AM,SO24-55022,FTPC,THEFT-GRAND,8200 Block of BAY PINES BLVD ,SEMINOLE,33709
Belleair PD,2/27/2024,04:00:00PM,BE24-3244,BSC,BURGLARY-STRUCTURE,700 Block of POINSETTIA RD ,BELLEAIR,33756
Gulfport PD,2/15/2024,12:00:00AM,GP24-2572,BAT,BATTERY,1400 Block of 59TH ST S ,GULFPORT,33707
Clearwater PD,2/25/2024,05:40:00PM,CW24-31142,FB,BATTERY,PALMETTO ST & PENNSYLVANIA AVE,CLEARWATER,33755
Sheriff,2/21/2024,08:00:00AM,SO24-55203,BRGC,BURGLARY-VEHICLE,0 Block of BELLEAIR BEACH CSWY ,BELLEAIR BEACH,33786
Treasure Island PD,2/21/2024,04:46:00AM,TI24-5033,TAWN,TRESPASS,11200 Block of GULF BLVD ,TREASURE ISLAND,33706
Treasure Island PD,2/21/2024,12:01:00AM,TI24-5014,BAT,BATTERY,100 Block of 107TH AVE ,TREASURE ISLAND,33706
Sheriff,2/20/2024,06:27:00PM,SO24-54266,BAT,BATTERY,10600 Block of 117TH DR N ,PINELLAS SO,33773
Tarpon Springs PD,2/20/2024,01:59:00PM,TS24-5900,TW,TRESPASS,100 Block of E LEMON ST ,TARPON SPRINGS,34689
Sheriff,2/21/2024,09:25:00AM,SO24-54941,BAT,BATTERY,9300 Block of 98TH ST N ,PINELLAS SO,33777
Sheriff,2/21/2024,09:57:00PM,SO24-54811,GTA,STOLEN VEHICLE,10900 Block of 49TH ST N ,PINELLAS SO,33762
Clearwater PD,2/21/2024,02:45:00PM,CW24-28897,MPA,MISSING PERSON,1100 Block of DREW ST ,CLEARWATER,33755
Sheriff,2/21/2024,04:03:00AM,SO24-55639,BSC,BURGLARY-STRUCTURE,1500 Block of COUNTY ROAD 1 ,DUNEDIN,34698
Sheriff,2/21/2024,06:18:00AM,SO24-54633,TAWN,TRESPASS,1500 Block of PASADENA AVE S ,SOUTH PASADENA,33707
Clearwater PD,2/20/2024,01:38:00PM,CW24-28238,PT,THEFT-PETIT,600 Block of S FORT HARRISON AVE ,CLEARWATER,33756
Sheriff,2/16/2024,12:30:00AM,SO24-49810,BRGB,BURGLARY-BUSINESS,6200 Block of 150TH AVE N ,PINELLAS SO,33760
Tarpon Springs PD,2/15/2024,09:46:00PM,TS24-5445,PT,THEFT-PETIT,700 Block of E LOCUST ST ,TARPON SPRINGS,34689
Clearwater PD,2/26/2024,11:00:00PM,CW24-31483,BRGC,BURGLARY-VEHICLE,800 Block of CHESTNUT ST ,CLEARWATER,33756
Clearwater PD,2/26/2024,12:00:00AM,CW24-31519,BAT,BATTERY,1900 Block of SUNSET POINT RD ,CLEARWATER,33765
Clearwater PD,2/25/2024,08:30:00AM,CW24-30896,LSAP,TRAFFIC ACCIDENT,DREW ST & US HIGHWAY 19 N,CLEARWATER,33765
Sheriff,2/24/2024,06:25:00PM,SO24-58498,PTS,THEFT-SHOPLIFTING,12900 Block of GULF BLVD ,MADEIRA BEACH,33708
Sheriff,2/25/2024,05:00:00PM,SO24-59540,PTS,THEFT-SHOPLIFTING,3800 Block of TAMPA RD ,OLDSMAR,34677
Sheriff,2/16/2024,04:10:00PM,SO24-50392,MPJU,MISSING PERSON,8700 Block of 131ST ST N ,PINELLAS SO,33776
Sheriff,2/15/2024,07:54:00PM,SO24-49512,CM,VANDAL/CRIM MISCH,100 Block of VETERANS MEMORIAL LN ,SAFETY HARBOR,34695
Treasure Island PD,2/16/2024,Unknown,TI24-4618,PTS,THEFT-SHOPLIFTING,9600 Block of GULF BLVD ,TREASURE ISLAND,33706
Sheriff,2/21/2024,03:17:00PM,SO24-55367,PTS,THEFT-SHOPLIFTING,10200 Block of BAY PINES BLVD ,SEMINOLE,33708
Gulfport PD,2/21/2024,02:30:00PM,GP24-2877,PTS,THEFT-SHOPLIFTING,2900 Block of BEACH BLVD S ,GULFPORT,33707
Sheriff,2/21/2024,04:00:00AM,SO24-54589,BRGR,BURGLARY-RESIDENCE,1500 Block of COUNTY ROAD 1 ,DUNEDIN,34698
Sheriff,2/21/2024,01:36:00PM,SO24-55228,GTA,STOLEN VEHICLE,4900 Block of 34TH ST N ,PINELLAS SO,33714
Sheriff,2/21/2024,10:37:00AM,SO24-54991,LSAP,TRAFFIC ACCIDENT,MAIN ST & DOUGLAS AVE,DUNEDIN,34698
Sheriff,2/21/2024,11:00:00AM,SO24-55051,PT,THEFT-PETIT,300 Block of 16TH AVE SE ,PINELLAS SO,33771
Sheriff,2/21/2024,11:01:00AM,SO24-55015,TAWN,TRESPASS,400 Block of 150TH AVE ,MADEIRA BEACH,33708
Sheriff,2/26/2024,12:00:00AM,SO24-60526,GTF,THEFT-GRAND,400 Block of 16TH AVE SE ,PINELLAS SO,33771
Sheriff,2/26/2024,09:30:00PM,SO24-60966,BHSP,BATTERY,3200 Block of MCMULLEN BOOTH RD ,SAFETY HARBOR,33761
Clearwater PD,2/26/2024,12:00:00AM,CW24-31440,CM,VANDAL/CRIM MISCH,800 Block of WOODLAWN LOOP ,CLEARWATER,33756
Sheriff,2/16/2024,05:01:00PM,TS24-5519,LSAP,TRAFFIC ACCIDENT,E KLOSTERMAN RD & US HIGHWAY 19 N,PINELLAS SO,34684
Clearwater PD,2/21/2024,12:28:00PM,CW24-28598,PT,THEFT-PETIT,27000 Block of US HIGHWAY 19 N ,CLEARWATER,33761
Sheriff,2/26/2024,11:00:00AM,SO24-60188,PT,THEFT-PETIT,8400 Block of 118TH AVE N ,PINELLAS SO,33773
Clearwater PD,2/26/2024,04:37:00AM,CW24-31436,BCNE,BURGLARY-VEHICLE,400 Block of FAIRWOOD AVE ,CLEARWATER,33759
Sheriff,2/26/2024,11:00:00AM,SO24-60392,BAT,BATTERY,36700 Block of US HIGHWAY 19 N ,PINELLAS SO,34684
Sheriff,2/25/2024,05:00:00PM,SO24-59540,PTS,THEFT-SHOPLIFTING,3800 Block of TAMPA RD ,OLDSMAR,34677
Clearwater PD,2/25/2024,12:00:00AM,CW24-31053,GTR,THEFT-GRAND,3100 Block of OYSTER BAYOU WAY ,CLEARWATER,33759
Clearwater PD,2/20/2024,09:00:00PM,CW24-28114,AB,BATTERY-AGGRAVATED,1400 Block of MARTIN LUTHER KING JR AVE ,CLEARWATER,
Clearwater PD,2/22/2024,11:50:00AM,CW24-29258,ROBA,ROBBERY-ARMED,27000 Block of US HIGHWAY 19 N ,CLEARWATER,33761
Sheriff,2/17/2024,04:29:00AM,SO24-50563,BOL,BATTERY,11400 Block of SEMINOLE BLVD ,PINELLAS SO,33778
Sheriff,2/17/2024,12:00:00AM,SO24-50686,GT,THEFT-GRAND,4900 Block of 34TH ST N ,PINELLAS SO,33714
Clearwater PD,2/16/2024,09:23:00PM,CW24-26413,FBPC,BATTERY,300 Block of S BELCHER RD ,CLEARWATER,33765
Treasure Island PD,2/15/2024,12:00:00AM,TI24-4469,GT,THEFT-GRAND,11600 Block of CAPRI CIR S ,TREASURE ISLAND,33706
Sheriff,2/17/2024,08:04:00AM,SO24-50620,TAWN,TRESPASS,14800 Block of 49TH ST N ,PINELLAS SO,33762
Clearwater PD,2/23/2024,10:00:00AM,CW24-29861,GT,THEFT-GRAND,2100 Block of NE COACHMAN RD ,CLEARWATER,33765
Clearwater PD,2/23/2024,03:27:00AM,CW24-29671,PTS,THEFT-SHOPLIFTING,400 Block of POINSETTIA AVE ,CLEARWATER,33767
Treasure Island PD,2/25/2024,09:30:00PM,TI24-5439,TAWN,TRESPASS,9600 Block of GULF BLVD ,TREASURE ISLAND,33706
Clearwater PD,2/17/2024,05:30:00AM,CW24-26663,PT,THEFT-PETIT,1200 Block of TURNER ST ,CLEARWATER,33756
Sheriff,2/15/2024,12:31:00PM,SO24-49120,BRGC,BURGLARY-VEHICLE,6100 Block of 105TH TER N ,PINELLAS SO,33782
Sheriff,2/17/2024,04:56:00AM,SO24-50570,BRGC,BURGLARY-VEHICLE,11500 Block of SEMINOLE BLVD ,PINELLAS SO,33778
Sheriff,2/22/2024,03:40:00PM,SO24-56561,PTS,THEFT-SHOPLIFTING,4800 Block of PARK ST N ,SEMINOLE,33709
Gulfport PD,2/26/2024,08:15:00PM,GP24-3179,B65,BATTERY ,6200 Block of 8TH AVE S ,GULFPORT,33707
Clearwater PD,2/26/2024,06:00:00PM,CW24-31713,PT,THEFT-PETIT,400 Block of MANDALAY AVE ,CLEARWATER,33767
Clearwater PD,2/27/2024,04:25:00PM,CW24-32181,AB,BATTERY-AGGRAVATED,1100 Block of SUNSET POINT RD ,CLEARWATER,33755
Sheriff,2/27/2024,05:50:00PM,SO24-61888,PT,THEFT-PETIT,800 Block of OLEANDER WAY S ,SOUTH PASADENA,33707
Gulfport PD,2/17/2024,07:00:00PM,GP24-2666,BCNE,BURGLARY-VEHICLE,2600 Block of UPTON ST S ,GULFPORT,33711
Clearwater PD,2/17/2024,08:35:00PM,CW24-26573,PTS,THEFT-SHOPLIFTING,1600 Block of N MYRTLE AVE ,CLEARWATER,33755
Sheriff,2/17/2024,07:45:00AM,SO24-50622,PTS,THEFT-SHOPLIFTING,9500 Block of BAY PINES BLVD ,PINELLAS SO,33708
Clearwater PD,2/17/2024,04:30:00AM,CW24-26618,BRGC,BURGLARY-VEHICLE,1500 Block of S PROSPECT AVE ,CLEARWATER,33756
Sheriff,2/17/2024,08:25:00AM,SO24-50631,TAWN,TRESPASS,2200 Block of MAIN ST ,PINELLAS SO,34698
Clearwater PD,2/18/2024,12:00:00AM,CW24-27195,BRC,BURGLARY-RESIDENCE,1300 Block of FAIRMONT ST ,CLEARWATER,33755
Clearwater PD,2/17/2024,12:00:00PM,CW24-26818,CM,VANDAL/CRIM MISCH,2000 Block of HIGHLAND AVE ,CLEARWATER,
Clearwater PD,2/18/2024,09:53:00AM,CW24-27019,PTS,THEFT-SHOPLIFTING,2400 Block of GULF TO BAY BLVD ,CLEARWATER,33765
Sheriff,2/18/2024,01:55:00PM,SO24-51677,PT,THEFT-PETIT,14200 Block of 49TH ST N ,PINELLAS SO,33762
Sheriff,2/18/2024,08:00:00PM,SO24-51271,MPA,MISSING PERSON,3400 Block of 52ND AVE N ,PINELLAS SO,33714
Sheriff,2/18/2024,09:55:00AM,SO24-51424,PT,THEFT-PETIT,14200 Block of 49TH ST N ,PINELLAS SO,33762
Sheriff,2/20/2024,11:40:00PM,SO24-54481,GTA,STOLEN VEHICLE,3600 Block of 49TH AVE N ,PINELLAS SO,33714
Sheriff,2/21/2024,11:04:00AM,SO24-55022,FTPC,THEFT-GRAND,8200 Block of BAY PINES BLVD ,SEMINOLE,33709
Clearwater PD,2/25/2024,07:30:00AM,CW24-30927,MPJU,MISSING PERSON,2800 Block of EDENWOOD ST ,CLEARWATER,33759
Clearwater PD,2/16/2024,10:00:00AM,CW24-26962,GT,THEFT-GRAND,500 Block of MANDALAY AVE ,CLEARWATER,33767
Sheriff,2/17/2024,07:03:00AM,SO24-50888,MPA,MISSING PERSON,5200 Block of 48TH AVE N ,PINELLAS SO,33709
Sheriff,2/28/2024,02:30:00PM,SO24-62753,BRGC,BURGLARY-VEHICLE,1400 Block of LEMON ST ,PINELLAS SO,33756
Clearwater PD,2/27/2024,09:50:00PM,CW24-32353,LSAP,TRAFFIC ACCIDENT,2500 Block of GULF TO BAY BLVD ,CLEARWATER,33765
Sheriff,2/28/2024,05:00:00PM,SO24-62887,PT,THEFT-PETIT,1800 Block of SHORE DR S ,SOUTH PASADENA,33707
Sheriff,2/28/2024,12:00:00AM,SO24-62654,CMF,VANDAL/CRIM MISCH,2500 Block of E LAKE RD ,PINELLAS SO,34685
Sheriff,2/28/2024,07:00:00AM,SO24-62789,TSC,TRESPASS,100 Block of 1ST ST ,BELLEAIR BEACH,33786
Sheriff,2/27/2024,10:10:00AM,SO24-61580,BAT,BATTERY,3300 Block of BENTLEY DR ,PINELLAS SO,34684
Clearwater PD,2/25/2024,10:02:00AM,CW24-31054,PT,THEFT-PETIT,1200 Block of LAKEVIEW RD ,CLEARWATER,33756
Sheriff,2/22/2024,01:35:00PM,PS24-770,MPJU,MISSING PERSON,4900 Block of 28TH ST N ,PINELLAS SO,33714
Clearwater PD,2/25/2024,06:45:00PM,CW24-31182,GT,THEFT-GRAND,2600 Block of 3RD AVE S ,CLEARWATER,33759
Tarpon Springs PD,2/22/2024,08:00:00PM,TS24-6218,MPA,MISSING PERSON,100 Block of ATHENIAN WAY ,TARPON SPRINGS,34689
Sheriff,2/24/2024,12:43:00PM,SO24-58241,TAWN,TRESPASS,400 Block of 2ND ST ,INDIAN ROCKS BEACH,33785
Gulfport PD,2/24/2024,06:18:00PM,GP24-3070,BRGC,BURGLARY-VEHICLE,5300 Block of 17TH AVE S ,GULFPORT,33707
Sheriff,2/23/2024,05:45:00PM,SO24-57516,PT,THEFT-PETIT,12700 Block of 126TH AVE N ,PINELLAS SO,33774
Sheriff,2/24/2024,08:00:00AM,SO24-58117,PT,THEFT-PETIT,6600 Block of 142ND AVE N ,PINELLAS SO,33771
Clearwater PD,2/26/2024,12:00:00AM,CW24-31551,BRGR,BURGLARY-RESIDENCE,100 Block of N CREST AVE ,CLEARWATER,33755
Clearwater PD,2/25/2024,09:50:00PM,CW24-31268,LSWU,TRAFFIC ACCIDENT,1500 Block of S MYRTLE AVE ,CLEARWATER,33756
Sheriff,2/25/2024,12:00:00PM,SO24-59041,CMF,VANDAL/CRIM MISCH,900 Block of 7TH ST S ,SAFETY HARBOR,34695
Clearwater PD,2/25/2024,06:05:00AM,CW24-30811,TAWN,TRESPASS,600 Block of LAURA ST ,CLEARWATER,33755
Sheriff,2/26/2024,05:10:00PM,SO24-60732,BAT,BATTERY,SEMINOLE BLVD & PARK BLVD N,SEMINOLE,33772
Sheriff,2/26/2024,03:50:00PM,SO24-60665,TAWN,TRESPASS,7500 Block of 46TH AVE N ,PINELLAS SO,33709
Tarpon Springs PD,2/25/2024,08:34:00PM,TS24-6411,FTPC,THEFT-GRAND,41200 Block of US HIGHWAY 19 N ,TARPON SPRINGS,34689
Clearwater PD,2/28/2024,07:33:00AM,CW24-32559,CM,VANDAL/CRIM MISCH,1100 Block of TUSKAWILLA DR ,CLEARWATER,33756
Clearwater PD,2/22/2024,11:50:00AM,CW24-29258,ROBA,ROBBERY-ARMED,27000 Block of US HIGHWAY 19 N ,CLEARWATER,33761
Sheriff,2/16/2024,12:00:00AM,SO24-50281,SBR,BATTERY-SEXUAL,600 Block of MAIN ST ,DUNEDIN,34698
Sheriff,2/16/2024,08:00:00AM,SO24-50330,MPJU,MISSING PERSON,3100 Block of 50TH AVE N ,PINELLAS SO,33714
Sheriff,2/16/2024,04:15:00PM,SO24-50261,CMF,VANDAL/CRIM MISCH,WALSINGHAM RD & 125TH ST N,PINELLAS SO,33774
Sheriff,2/16/2024,10:01:00PM,SO24-50052,CM,VANDAL/CRIM MISCH,3200 Block of CLOVERPLACE DR ,PINELLAS SO,34684
Sheriff,2/28/2024,12:00:00PM,SO24-62643,CM,VANDAL/CRIM MISCH,30100 Block of US HIGHWAY 19 N ,PINELLAS SO,33761
Clearwater PD,2/20/2024,12:13:00AM,CW24-28179,PT,THEFT-PETIT,1300 Block of PALMETTO ST ,CLEARWATER,33755
Sheriff,2/27/2024,07:00:00AM,SO24-61327,MPJU,MISSING PERSON,12600 Block of WILCOX RD ,PINELLAS SO,33774
Sheriff,2/15/2024,11:11:00PM,SO24-49691,MPJU,MISSING PERSON,12900 Block of GULF LN ,MADEIRA BEACH,33708
Treasure Island PD,2/16/2024,09:40:00PM,TI24-4624,TAWN,TRESPASS,11200 Block of GULF BLVD ,TREASURE ISLAND,33706
Sheriff,2/16/2024,02:10:00PM,SO24-50140,BRC,BURGLARY-RESIDENCE,12000 Block of 106TH ST N ,PINELLAS SO,33773
Sheriff,2/27/2024,12:00:00AM,SO24-61547,BRGR,BURGLARY-RESIDENCE,37300 Block of US HIGHWAY 19 N ,PINELLAS SO,34684
Sheriff,2/26/2024,02:37:00PM,SO24-60590,BAT,BATTERY,6000 Block of 49TH ST N ,PINELLAS SO,33709
Tarpon Springs PD,2/15/2024,05:36:00PM,TS24-5424,CM,VANDAL/CRIM MISCH,100 Block of S HUEY AVE ,TARPON SPRINGS,34689
Clearwater PD,2/27/2024,12:18:00AM,CW24-31796,CM,VANDAL/CRIM MISCH,1200 Block of NICHOLSON ST ,CLEARWATER,33755
Clearwater PD,2/27/2024,10:00:00AM,CW24-32006,GTS,THEFT-SHOPLIFTING,23100 Block of US HIGHWAY 19 N ,CLEARWATER,33765
Tarpon Springs PD,2/25/2024,06:49:00PM,TS24-6458,BAT,BATTERY,1500 Block of STARLIGHT CV ,TARPON SPRINGS,34689
Sheriff,2/15/2024,07:04:00PM,SO24-49456,BAT,BATTERY,2500 Block of 62ND AVE N ,PINELLAS SO,33702
Clearwater PD,2/16/2024,10:00:00AM,CW24-26174,BAT,BATTERY,1200 Block of CLEVELAND ST ,CLEARWATER,33755
Clearwater PD,2/16/2024,11:00:00AM,CW24-26214,PTS,THEFT-SHOPLIFTING,27000 Block of US HIGHWAY 19 N ,CLEARWATER,33761
Sheriff,2/15/2024,07:34:00PM,SO24-49486,BAT,BATTERY,2600 Block of GROVEPARK RD ,PINELLAS SO,34683
Tarpon Springs PD,2/15/2024,04:19:00PM,TS24-5419,GTA,STOLEN VEHICLE,700 Block of SUNSET DR ,TARPON SPRINGS,34689
Sheriff,2/27/2024,12:00:00PM,SO24-61754,MPJU,MISSING PERSON,1800 Block of OAK PARK DR N ,PINELLAS SO,33764
Sheriff,2/25/2024,05:32:00PM,SO24-59573,BAT,BATTERY,7700 Block of 128TH ST N ,PINELLAS SO,33776
Clearwater PD,2/27/2024,02:30:00PM,CW24-32134,MPJU,MISSING PERSON,25300 Block of US HIGHWAY 19 N ,CLEARWATER,33763
Clearwater PD,2/15/2024,10:30:00PM,CW24-25424,BRGC,BURGLARY-VEHICLE,1100 Block of S MISSOURI AVE ,CLEARWATER,33756
Tarpon Springs PD,2/15/2024,08:52:00AM,TS24-5411,LSAP,TRAFFIC ACCIDENT,600 Block of E TARPON AVE ,TARPON SPRINGS,34689
Treasure Island PD,2/15/2024,06:00:00PM,TI24-4492,GT,THEFT-GRAND,12700 Block of KINGFISH DR ,TREASURE ISLAND,33706
Gulfport PD,2/20/2024,11:57:00AM,GP24-2812,GTS,THEFT-SHOPLIFTING,4900 Block of 17TH AVE S ,GULFPORT,33707
Sheriff,2/19/2024,03:00:00PM,SO24-53177,DFP,WEAPON,9400 Block of GROVELAND ST ,PINELLAS SO,33772
Clearwater PD,2/19/2024,02:43:00PM,CW24-27753,BRGR,BURGLARY-RESIDENCE,100 Block of N JEFFERSON AVE ,CLEARWATER,33755
Sheriff,2/20/2024,01:00:00AM,SO24-53252,BRGB,BURGLARY-BUSINESS,600 Block of ALT 19 ,PINELLAS SO,34683
Clearwater PD,2/20/2024,05:29:00PM,CW24-28099,PT,THEFT-PETIT,200 Block of DOLPHIN PT ,CLEARWATER,33767
Clearwater PD,2/28/2024,04:30:00AM,CW24-32524,BCNE,BURGLARY-VEHICLE,1500 Block of FREDRICA AVE ,CLEARWATER,
Sheriff,2/28/2024,07:51:00PM,SO24-63241,CMF,VANDAL/CRIM MISCH,0 Block of 144TH AVE ,MADEIRA BEACH,33708
Sheriff,2/15/2024,06:27:00AM,SO24-48751,RSVO,STOLEN VEHICLE - REC,GANDY BEACH,PINELLAS SO,
Clearwater PD,2/20/2024,02:00:00PM,CW24-27938,MPJU,MISSING PERSON,1000 Block of MACRAE AVE ,CLEARWATER,33755
Sheriff,2/19/2024,07:35:00PM,SO24-53107,PTS,THEFT-SHOPLIFTING,1200 Block of BELCHER RD ,DUNEDIN,34698
Sheriff,2/25/2024,10:00:00AM,SO24-59128,MPA,MISSING PERSON,3100 Block of 57TH AVE N ,PINELLAS SO,33714
Sheriff,2/25/2024,05:17:00PM,SO24-59558,RFF,WEAPON,9600 Block of 108TH AVE N ,PINELLAS SO,33773
Clearwater PD,2/25/2024,03:20:00AM,CW24-30966,BCNE,BURGLARY-VEHICLE,2700 Block of HAVERHILL CT ,CLEARWATER,33761
Sheriff,2/20/2024,12:33:00PM,SO24-53823,LSAP,TRAFFIC ACCIDENT,100 Block of S FOREST LAKES BLVD ,OLDSMAR,34677
Sheriff,2/20/2024,06:55:00PM,SO24-54300,PTS,THEFT-SHOPLIFTING,100 Block of FISHERMANS ALY ,MADEIRA BEACH,33708
Sheriff,2/15/2024,05:55:00PM,SO24-49395,FBPC,BATTERY,3200 Block of MCMULLEN BOOTH RD ,SAFETY HARBOR,33761
Kenneth City PD,2/20/2024,11:59:00AM,KC24-7735,BRGS,BURGLARY-STRUCTURE,6400 Block of 43RD AVE N ,KENNETH CITY,33709
Clearwater PD,2/21/2024,04:45:00PM,CW24-28806,MPA,MISSING PERSON,1600 Block of SUNSET POINT RD ,CLEARWATER,33755
Sheriff,2/21/2024,02:15:00PM,SO24-55434,PTTB,THEFT-PETIT,3100 Block of CURLEW RD ,OLDSMAR,34677
Sheriff,2/21/2024,09:57:00PM,SO24-55001,BRGB,BURGLARY-BUSINESS,10900 Block of 49TH ST N ,PINELLAS SO,33762
Sheriff,2/16/2024,04:15:00PM,SO24-50261,CMF,VANDAL/CRIM MISCH,WALSINGHAM RD & 125TH ST N,PINELLAS SO,33774
Sheriff,2/16/2024,12:00:00PM,SO24-50400,GT,THEFT-GRAND,7900 Block of HARWOOD RD ,PINELLAS SO,33777
Sheriff,2/15/2024,06:16:00PM,SO24-49414,BAT,BATTERY,6200 Block of HAINES RD ,PINELLAS SO,33702
Clearwater PD,2/23/2024,03:27:00AM,CW24-29670,B65,BATTERY ,2900 Block of DREW ST ,CLEARWATER,33759
Clearwater PD,2/23/2024,08:38:00AM,CW24-29754,BAT,BATTERY,1300 Block of YOUNG AVE ,CLEARWATER,33756
Clearwater PD,2/23/2024,04:30:00PM,CW24-29999,PT,THEFT-PETIT,1000 Block of GULF BLVD ,CLEARWATER,33767
Clearwater PD,2/27/2024,12:00:00AM,CW24-32005,MPA,MISSING PERSON,GULF TO BAY BLVD & US HIGHWAY 19 N,CLEARWATER,33765
Clearwater PD,2/22/2024,10:02:00AM,CW24-29209,PTS,THEFT-SHOPLIFTING,27000 Block of US HIGHWAY 19 N ,CLEARWATER,33761
Tarpon Springs PD,2/25/2024,05:45:00PM,TS24-6469,BAT,BATTERY,500 Block of CHESAPEAKE DR ,TARPON SPRINGS,34689
Sheriff,2/26/2024,11:15:00PM,SO24-61064,BAT,BATTERY,3400 Block of PINE ST ,PINELLAS SO,34698
Sheriff,2/19/2024,03:37:00AM,SO24-52211,TAWN,TRESPASS,MONROE ST & PNLS TRL,DUNEDIN,34698
Tarpon Springs PD,2/18/2024,08:45:00PM,TS24-5733,RSVO,STOLEN VEHICLE - REC,400 Block of E OAKWOOD ST ,TARPON SPRINGS,34689
Clearwater PD,2/19/2024,06:00:00PM,CW24-27825,CM,VANDAL/CRIM MISCH,2900 Block of GULF TO BAY BLVD ,CLEARWATER,33759
Clearwater PD,2/19/2024,12:10:00AM,CW24-27375,FBPC,BATTERY,500 Block of S PROSPECT AVE ,CLEARWATER,33756
Gulfport PD,2/27/2024,09:15:00PM,GP24-3242,GT,THEFT-GRAND,2300 Block of 49TH ST S ,GULFPORT,33707
Belleair PD,2/27/2024,04:00:00PM,BE24-3244,PT,THEFT-PETIT,700 Block of POINSETTIA RD ,BELLEAIR,33756
Sheriff,2/28/2024,12:30:00PM,SO24-62822,GTA,STOLEN VEHICLE,E LAKE RD & TRINITY BLVD,PINELLAS SO,34688
Sheriff,2/17/2024,12:00:00AM,SO24-50686,GT,THEFT-GRAND,4900 Block of 34TH ST N ,PINELLAS SO,33714
Clearwater PD,2/19/2024,10:50:00AM,CW24-27590,CM,VANDAL/CRIM MISCH,US HIGHWAY 19 N & GULF TO BAY BLVD,CLEARWATER,33765
Sheriff,2/23/2024,04:32:00PM,SO24-57476,PT,THEFT-PETIT,3900 Block of FIELDSTONE CT ,PINELLAS SO,34684
Belleair PD,2/21/2024,02:15:00AM,BE24-2868,BRGC,BURGLARY-VEHICLE,400 Block of ROEBLING RD S ,BELLEAIR,33756
Sheriff,2/28/2024,09:30:00PM,SO24-62631,BRGC,BURGLARY-VEHICLE,1400 Block of LEMON ST ,PINELLAS SO,33756
Clearwater PD,2/28/2024,02:08:00PM,CW24-32791,PTS,THEFT-SHOPLIFTING,2700 Block of GULF TO BAY BLVD ,CLEARWATER,33759
Tarpon Springs PD,2/28/2024,01:05:00PM,TS24-6755,BAT,BATTERY,1400 Block of GULF RD ,TARPON SPRINGS,34689
Sheriff,2/28/2024,03:57:00AM,SO24-62291,AL,ALARM,29200 Block of US HIGHWAY 19 N ,PINELLAS SO,33761
Sheriff,2/18/2024,06:21:00AM,SO24-51182,BOL,BATTERY,14400 Block of 49TH ST N ,PINELLAS SO,33762
Sheriff,2/18/2024,12:01:00AM,SO24-51511,PT,THEFT-PETIT,1200 Block of N HERCULES AVE ,PINELLAS SO,33765
Sheriff,2/17/2024,03:00:00PM,SO24-50995,BRGC,BURGLARY-VEHICLE,2100 Block of 119TH ST N ,PINELLAS SO,33778
Clearwater PD,2/18/2024,03:37:00PM,CW24-27025,GTS,THEFT-SHOPLIFTING,2700 Block of GULF TO BAY BLVD ,CLEARWATER,33759
Sheriff,2/18/2024,05:52:00PM,SO24-51309,GTS,THEFT-SHOPLIFTING,6800 Block of GULFPORT BLVD S ,SOUTH PASADENA,33707
Clearwater PD,2/18/2024,12:00:00AM,CW24-27195,BRGC,BURGLARY-VEHICLE,1300 Block of FAIRMONT ST ,CLEARWATER,33755
Kenneth City PD,2/18/2024,07:44:00PM,KC24-7524,B65,BATTERY ,6000 Block of 51ST AVE N ,KENNETH CITY,33709
Sheriff,2/19/2024,12:00:00AM,SO24-52675,BRGC,BURGLARY-VEHICLE,1400 Block of N HERCULES AVE ,PINELLAS SO,33765
Clearwater PD,2/19/2024,02:00:00PM,CW24-27702,MPJU,MISSING PERSON,S MARTIN LUTHER KING JR AVE & LAKEVIEW R,CLEARWATER,33756
Sheriff,2/18/2024,12:00:00AM,SO24-51258,PT,THEFT-PETIT,2000 Block of BURNICE DR ,PINELLAS SO,33764
Clearwater PD,2/17/2024,09:00:00PM,CW24-26805,CM,VANDAL/CRIM MISCH,2000 Block of N HIGHLAND AVE ,CLEARWATER,33755
Sheriff,2/18/2024,12:00:00AM,SO24-51358,PT,THEFT-PETIT,2000 Block of BURNICE DR ,PINELLAS SO,33764
Clearwater PD,2/20/2024,12:00:00AM,CW24-28303,PT,THEFT-PETIT,500 Block of S BELCHER RD ,CLEARWATER,33764
Sheriff,2/20/2024,11:00:00AM,SO24-53954,MPA,MISSING PERSON,12500 Block of CREEKSIDE DR ,PINELLAS SO,33773
Sheriff,2/20/2024,11:00:00PM,SO24-53785,BAT,BATTERY,0 Block of CAUSEWAY BLVD ,DUNEDIN,33767
Sheriff,2/17/2024,12:00:00AM,SO24-50686,PT,THEFT-PETIT,4900 Block of 34TH ST N ,PINELLAS SO,33714
Sheriff,2/20/2024,10:52:00AM,SO24-53706,PTS,THEFT-SHOPLIFTING,8200 Block of 46TH AVE N ,PINELLAS SO,33709
Sheriff,2/20/2024,12:33:00PM,SO24-53823,LSAP,TRAFFIC ACCIDENT,100 Block of FOREST LAKES BLVD ,OLDSMAR,34677
Sheriff,2/18/2024,08:00:00AM,SO24-51706,GT,THEFT-GRAND,14500 Block of ANCHORAGE CIR ,PINELLAS SO,33776
Treasure Island PD,2/17/2024,08:30:00PM,TI24-4618,PTS,THEFT-SHOPLIFTING,9600 Block of GULF BLVD ,TREASURE ISLAND,33706
Clearwater PD,2/18/2024,12:00:00AM,CW24-27078,GT,THEFT-GRAND,20000 Block of US HIGHWAY 19 N ,CLEARWATER,33764
Sheriff,2/16/2024,07:35:00PM,SO24-50342,PTS,THEFT-SHOPLIFTING,35400 Block of US HIGHWAY 19 N ,PINELLAS SO,34684
Sheriff,2/18/2024,09:00:00PM,SO24-51300,SBR,BATTERY-SEXUAL,600 Block of DOGWOOD CT ,DUNEDIN,34698
Sheriff,2/20/2024,04:24:00PM,SO24-54191,RSS,ROBBERY-UNARMED,1200 Block of SUNSET POINT RD ,PINELLAS SO,33755
Gulfport PD,2/20/2024,04:00:00PM,GP24-2821,GTR,THEFT-GRAND,900 Block of HULL ST S ,GULFPORT,33707
Gulfport PD,2/20/2024,10:00:00PM,GP24-2778,GT,THEFT-GRAND,5500 Block of SHORE BLVD S ,GULFPORT,33707
Clearwater PD,2/20/2024,10:49:00AM,CW24-28242,GTS,THEFT-SHOPLIFTING,2400 Block of GULF TO BAY BLVD ,CLEARWATER,33765
Clearwater PD,2/20/2024,06:20:00PM,CW24-28309,BAT,BATTERY,200 Block of N GLENWOOD AVE ,CLEARWATER,33755
Clearwater PD,2/18/2024,09:35:00PM,CW24-27290,CM,VANDAL/CRIM MISCH,1500 Block of GENTRY ST ,CLEARWATER,33755
Sheriff,2/22/2024,12:05:00PM,SO24-56333,PT,THEFT-PETIT,2100 Block of FOX CHASE BLVD ,PINELLAS SO,34683
Clearwater PD,2/17/2024,11:00:00AM,CW24-26699,GT,THEFT-GRAND,2800 Block of DEER RUN N ,CLEARWATER,33761
Sheriff,2/18/2024,10:00:00AM,SO24-51813,BRGC,BURGLARY-VEHICLE,3500 Block of PINELLAS BAYWAY S ,PINELLAS SO,33715
Clearwater PD,2/28/2024,01:32:00PM,CW24-32726,LSAI,TRAFFIC ACCIDENT,US HIGHWAY 19 N & SUNSET POINT RD,CLEARWATER,33765
Clearwater PD,2/21/2024,10:04:00PM,CW24-28866,PTS,THEFT-SHOPLIFTING,23100 Block of US HIGHWAY 19 N ,CLEARWATER,33765
Sheriff,2/21/2024,10:22:00AM,SO24-54959,TO,TRESPASS,4400 Block of PARK ST N ,SEMINOLE,33709
Clearwater PD,2/21/2024,07:31:00PM,CW24-28876,BAT,BATTERY,2800 Block of DREW ST ,CLEARWATER,33759
Sheriff,2/22/2024,01:35:00PM,PS24-755,MPJU,MISSING PERSON,4900 Block of 28TH ST N ,PINELLAS SO,33714
Sheriff,2/22/2024,02:02:00AM,SO24-55884,TAWN,TRESPASS,10200 Block of BAY PINES BLVD ,SEMINOLE,33708
Clearwater PD,2/22/2024,06:30:00AM,CW24-29152,TAWN,TRESPASS,23100 Block of US HIGHWAY 19 N ,CLEARWATER,33765
Sheriff,2/21/2024,02:21:00AM,SO24-54569,BRGR,BURGLARY-RESIDENCE,800 Block of GLEN OAK AVE E ,PINELLAS SO,33759
Clearwater PD,2/22/2024,01:00:00PM,CW24-29262,PT,THEFT-PETIT,2100 Block of GULF TO BAY BLVD ,CLEARWATER,33765
Clearwater PD,2/22/2024,11:50:00AM,CW24-29258,ROBU,ROBBERY-UNARMED,27000 Block of US HIGHWAY 19 N ,CLEARWATER,33761
Sheriff,2/17/2024,01:00:00AM,SO24-50489,BRGC,BURGLARY-VEHICLE,700 Block of CRESTRIDGE DR ,PINELLAS SO,34688
Sheriff,2/18/2024,12:00:00AM,SO24-51406,CM,VANDAL/CRIM MISCH,400 Block of 2ND ST ,INDIAN ROCKS BEACH,33785
Sheriff,2/18/2024,12:00:00AM,SO24-51454,PT,THEFT-PETIT,8200 Block of EGRET WOODS CIR ,PINELLAS SO,33776
Sheriff,2/22/2024,07:00:00AM,SO24-56677,MPJU,MISSING PERSON,12000 Block of PARK BLVD N ,PINELLAS SO,33772
Clearwater PD,2/28/2024,03:00:00PM,CW24-32689,PT,THEFT-PETIT,500 Block of PARK ST ,CLEARWATER,33756
Sheriff,2/28/2024,12:50:00AM,SO24-62239,GTA,STOLEN VEHICLE,9300 Block of 83RD ST N ,PINELLAS SO,33777
Clearwater PD,2/27/2024,07:30:00AM,CW24-32102,PT,THEFT-PETIT,1900 Block of GULF TO BAY BLVD ,CLEARWATER,33764
Sheriff,2/28/2024,12:44:00PM,SO24-62840,PTS,THEFT-SHOPLIFTING,6800 Block of GULFPORT BLVD S ,SOUTH PASADENA,33707
Sheriff,2/28/2024,10:52:00AM,SO24-62671,BAT,BATTERY,14400 Block of 49TH ST N ,PINELLAS SO,33762
Treasure Island PD,2/28/2024,Unknown,TI24-5698,PT,THEFT-PETIT,10600 Block of GULF BLVD ,TREASURE ISLAND,33706
Sheriff,2/28/2024,08:40:00AM,SO24-62468,PTS,THEFT-SHOPLIFTING,30500 Block of US HIGHWAY 19 N ,PINELLAS SO,34684
Sheriff,2/27/2024,10:32:00PM,SO24-62110,MPJU,MISSING PERSON,11600 Block of KERRY CT ,PINELLAS SO,33778
Sheriff,2/27/2024,04:01:00PM,SO24-61797,GTS,THEFT-SHOPLIFTING,4800 Block of PARK ST N ,SEMINOLE,33709
Treasure Island PD,2/28/2024,02:21:00PM,TI24-5698,PT,THEFT-PETIT,10600 Block of GULF BLVD ,TREASURE ISLAND,33706
Sheriff,2/25/2024,07:20:00PM,SO24-59131,PTTB,THEFT-PETIT,10800 Block of RIDGE RD ,PINELLAS SO,33778
Clearwater PD,2/25/2024,05:50:00PM,CW24-31236,GT,THEFT-GRAND,600 Block of S FORT HARRISON AVE ,CLEARWATER,33756
Sheriff,2/24/2024,05:28:00PM,SO24-58425,MPJE,MISSING PERSON,10500 Block of ORANGE BLOSSOM LN ,SEMINOLE,33772
Clearwater PD,2/25/2024,09:30:00PM,CW24-30801,BRGC,BURGLARY-VEHICLE,2000 Block of SUNSET GROVE LN ,CLEARWATER,33765
Clearwater PD,2/18/2024,12:00:00AM,CW24-27304,PTS,THEFT-SHOPLIFTING,500 Block of S FT HARRISON AVE ,CLEARWATER,
Sheriff,2/18/2024,03:35:00PM,SO24-51754,TSC,TRESPASS,14800 Block of 49TH ST N ,PINELLAS SO,33762
Sheriff,2/18/2024,12:38:00AM,SO24-51384,BSC,BURGLARY-STRUCTURE,2200 Block of CURLEW RD ,PINELLAS SO,34698
Sheriff,2/18/2024,04:18:00PM,SO24-51796,FBPC,BATTERY,1900 Block of MEADOW DR ,PINELLAS SO,33763
Sheriff,2/23/2024,04:54:00PM,SO24-57487,BAT,BATTERY,3400 Block of 50TH AVE N ,PINELLAS SO,33714
Sheriff,2/23/2024,05:00:00PM,SO24-57488,BOL,BATTERY,400 Block of 2ND ST ,INDIAN ROCKS BEACH,33785
Sheriff,2/23/2024,04:00:00AM,SO24-57288,PT,THEFT-PETIT,900 Block of BROADWAY, DUNEDIN, 34698 ,DUNEDIN,34698
Clearwater PD,2/23/2024,Unknown,CW24-29957,BRGR,BURGLARY-RESIDENCE,24800 Block of US HIGHWAY 19 N ,CLEARWATER,33763
Clearwater PD,2/23/2024,11:13:00AM,CW24-29811,TAWN,TRESPASS,0 Block of S FT HARRISON AVE ,CLEARWATER,33756
Sheriff,2/23/2024,06:00:00PM,SO24-57590,BAT,BATTERY,1300 Block of PASADENA AVE S ,SOUTH PASADENA,33707
Clearwater PD,2/24/2024,05:42:00PM,CW24-30526,PTS,THEFT-SHOPLIFTING,27000 Block of US HIGHWAY 19 N ,CLEARWATER,33761
Tarpon Springs PD,2/25/2024,02:30:00PM,TS24-6432,TAWN,TRESPASS,41200 Block of US HIGHWAY 19 N ,TARPON SPRINGS,34689
Sheriff,2/23/2024,11:32:00PM,SO24-57802,BAT,BATTERY,3400 Block of 54TH AVE N ,PINELLAS SO,33714
Sheriff,2/24/2024,06:25:00PM,SO24-58498,PTS,THEFT-SHOPLIFTING,12900 Block of GULF BLVD ,MADEIRA BEACH,33708
Clearwater PD,2/25/2024,03:20:00AM,CW24-30962,BRGC,BURGLARY-VEHICLE,2700 Block of HAVERHILL CT ,CLEARWATER,33761
Treasure Island PD,2/28/2024,12:00:00AM,TI24-5693,GT,THEFT-GRAND,100 Block of 108TH AVE ,TREASURE ISLAND,33706
Sheriff,2/28/2024,03:52:00PM,SO24-63032,PTS,THEFT-SHOPLIFTING,33300 Block of US HIGHWAY 19 N ,PINELLAS SO,34684
Clearwater PD,2/25/2024,01:56:00PM,CW24-31026,MPJU,MISSING PERSON,2800 Block of EDENWOOD ST ,CLEARWATER,33759
Clearwater PD,2/24/2024,08:19:00PM,CW24-30606,GT,THEFT-GRAND,2600 Block of GULF TO BAY BLVD ,CLEARWATER,33759
Sheriff,2/22/2024,04:48:00PM,SO24-56602,BAT,BATTERY,0 Block of PATRICIA AVE ,DUNEDIN,34698
Sheriff,2/22/2024,06:05:00PM,SO24-56652,FBPC,BATTERY,37600 Block of US HIGHWAY 19 N ,PINELLAS SO,34684
Sheriff,2/22/2024,10:07:00PM,SO24-56830,B65,BATTERY ,1200 Block of GLENDALE DR ,DUNEDIN,34698
Sheriff,2/18/2024,01:45:00PM,SO24-51648,TSC,TRESPASS,7800 Block of 46TH AVE N ,PINELLAS SO,33709
Clearwater PD,2/18/2024,07:10:00AM,CW24-26942,CM,VANDAL/CRIM MISCH,400 Block of FAIRWOOD AVE ,CLEARWATER,33759
Tarpon Springs PD,2/18/2024,02:08:00PM,TS24-5724,LSWU,TRAFFIC ACCIDENT,KEYSTONE RD & MELON ST,TARPON SPRINGS,34688
Sheriff,2/18/2024,08:21:00AM,SO24-51257,BAT,BATTERY,8700 Block of MAGNOLIA DR ,PINELLAS SO,33777
Sheriff,2/18/2024,04:57:00PM,SO24-51828,BOL,BATTERY,2600 Block of GROVEPARK RD ,PINELLAS SO,34683
Tarpon Springs PD,2/25/2024,10:00:00PM,TS24-6474,AB,BATTERY-AGGRAVATED,E LIME ST & S SAFFORD AVE,TARPON SPRINGS,34689
Sheriff,2/27/2024,04:38:00PM,SO24-61827,PTS,THEFT-SHOPLIFTING,800 Block of COUNTY ROAD 1 ,DUNEDIN,34683
Sheriff,2/26/2024,11:12:00PM,SO24-61044,PT,THEFT-PETIT,400 Block of GULF BLVD ,INDIAN ROCKS BEACH,33785
Sheriff,2/25/2024,11:00:00PM,SO24-59649,SBM,BATTERY-SEXUAL,1700 Block of MAIN ST ,DUNEDIN,34698
Clearwater PD,2/21/2024,03:45:00PM,CW24-28849,BRGC,BURGLARY-VEHICLE,1300 Block of N MARTIN LUTHER KING JR ,CLEARWATER,33756
Tarpon Springs PD,2/27/2024,07:30:00PM,TS24-6683,BRC,BURGLARY-RESIDENCE,1400 Block of STARLIGHT CV ,TARPON SPRINGS,34689
Treasure Island PD,2/28/2024,12:00:00AM,TI24-5693,GT,THEFT-GRAND,100 Block of 108TH AVE ,TREASURE ISLAND,33706
Tarpon Springs PD,2/25/2024,07:50:00PM,TS24-6462,GTS,THEFT-SHOPLIFTING,40900 Block of US HIGHWAY 19 N ,TARPON SPRINGS,34689
Clearwater PD,2/27/2024,04:00:00PM,CW24-32167,FBPC,BATTERY,0 Block of CAUSEWAY BLVD ,CLEARWATER,33767
Sheriff,2/26/2024,09:35:00PM,SO24-60961,BAT,BATTERY,37600 Block of US HIGHWAY 19 N ,PINELLAS SO,34684
Tarpon Springs PD,2/27/2024,11:43:00AM,TS24-6643,PT,THEFT-PETIT,1800 Block of GULF RD ,TARPON SPRINGS,34689
Belleair PD,2/19/2024,05:30:00PM,BE24-2772,CMF,VANDAL/CRIM MISCH,700 Block of POINSETTIA RD ,BELLEAIR,33756
Treasure Island PD,2/24/2024,09:42:00AM,TI24-5329,GTA,STOLEN VEHICLE,0 Block of 77TH AVE ,TREASURE ISLAND,33706
Clearwater PD,2/24/2024,09:44:00PM,CW24-30636,PT,THEFT-PETIT,400 Block of N MISSOURI AVE ,CLEARWATER,33755
Gulfport PD,2/24/2024,12:00:00PM,GP24-3072,GTV,THEFT-GRAND,5500 Block of SHORE BLVD S ,GULFPORT,33707
Sheriff,2/26/2024,09:20:00AM,SO24-60655,BRGC,BURGLARY-VEHICLE,6700 Block of 69TH AVE N ,PINELLAS SO,33781
Clearwater PD,2/21/2024,12:04:00PM,CW24-28674,PT,THEFT-PETIT,600 Block of OAK AVE ,CLEARWATER,33756
Sheriff,2/28/2024,07:50:00PM,SO24-63236,CM,VANDAL/CRIM MISCH,8000 Block of 50TH AVE N ,PINELLAS SO,33709
Sheriff,2/23/2024,03:30:00PM,SO24-57197,BRGC,BURGLARY-VEHICLE,2600 Block of HIGHLANDS BLVD N ,PINELLAS SO,34684
Clearwater PD,2/28/2024,10:00:00AM,CW24-32923,PT,THEFT-PETIT,400 Block of MANDALAY AVE ,CLEARWATER,33767
Sheriff,2/19/2024,09:40:00AM,SO24-52817,PT,THEFT-PETIT,8700 Block of 131ST ST N ,PINELLAS SO,33776
Sheriff,2/19/2024,02:50:00PM,SO24-52866,MPJU,MISSING PERSON,5200 Block of 140TH AVE N ,PINELLAS SO,33762
Sheriff,2/24/2024,10:45:00AM,SO24-58181,ROBA,ROBBERY-ARMED,200 Block of ARBOR WOODS CIR ,OLDSMAR,34677
Sheriff,2/24/2024,08:00:00PM,SO24-58211,CM,VANDAL/CRIM MISCH,1200 Block of SHERIDAN RD ,PINELLAS SO,33755
Sheriff,2/28/2024,Unknown,SO24-63236,CM,VANDAL/CRIM MISCH,8000 Block of 50TH AVE N ,PINELLAS SO,33709
Sheriff,2/28/2024,04:35:00AM,SO24-62296,CMF,VANDAL/CRIM MISCH,37600 Block of US HIGHWAY 19 N ,PINELLAS SO,34684
Clearwater PD,2/28/2024,06:45:00PM,CW24-32916,GT,THEFT-GRAND,1800 Block of N HIGHLAND AVE ,CLEARWATER,33755
Clearwater PD,2/25/2024,09:50:00PM,CW24-31268,LSWU,TRAFFIC ACCIDENT,1500 Block of S MYRTLE AVE ,CLEARWATER,33756
Clearwater PD,2/28/2024,12:45:00PM,CW24-32703,BRGR,BURGLARY-RESIDENCE,700 Block of VINE AVE ,CLEARWATER,33755
Clearwater PD,2/28/2024,12:00:00AM,CW24-32643,GT,THEFT-GRAND,1400 Block of S MARTIN LUTHER KING JR ,CLEARWATER,33756
Sheriff,2/18/2024,05:00:00PM,SO24-52131,PT,THEFT-PETIT,1400 Block of MCMULLEN BOOTH RD ,SAFETY HARBOR,33759
Clearwater PD,2/19/2024,04:20:00PM,CW24-27555,PT,THEFT-PETIT,1100 Block of MACRAE AVE ,CLEARWATER,33755
Clearwater PD,2/15/2024,08:00:00AM,CW24-25665,PFSI,WEAPON,300 Block of DAVID AVE ,CLEARWATER,33759
Clearwater PD,2/15/2024,06:49:00PM,CW24-25786,PTS,THEFT-SHOPLIFTING,2100 Block of GULF TO BAY BLVD ,CLEARWATER,33765
Sheriff,2/18/2024,12:00:00AM,SO24-51454,GT,THEFT-GRAND,8200 Block of EGRET WOODS CIR ,PINELLAS SO,33776
Sheriff,2/25/2024,08:32:00AM,SO24-59023,PT,THEFT-PETIT,6600 Block of 54TH AVE N ,PINELLAS SO,33709
Sheriff,2/24/2024,Unknown,SO24-58047,MPA,MISSING PERSON,36700 Block of US HIGHWAY 19 N ,PINELLAS SO,34684
Tarpon Springs PD,2/24/2024,05:00:00PM,TS24-6370,GT,THEFT-GRAND,41000 Block of US HIGHWAY 19 N ,TARPON SPRINGS,34689
Clearwater PD,2/28/2024,11:38:00AM,CW24-32679,PT,THEFT-PETIT,1500 Block of S MICHIGAN AVE ,CLEARWATER,33756
Clearwater PD,2/15/2024,10:00:00PM,CW24-25631,BRGS,BURGLARY-STRUCTURE,100 Block of N MYRTLE AVE ,CLEARWATER,33755
Gulfport PD,2/15/2024,03:00:00AM,GP24-2581,BRGS,BURGLARY-STRUCTURE,4900 Block of TANGERINE AVE S ,GULFPORT,33707
Clearwater PD,2/20/2024,12:28:00PM,CW24-28141,BAT,BATTERY,2900 Block of DREW ST ,CLEARWATER,33759
Clearwater PD,2/20/2024,03:13:00PM,CW24-28216,BAT,BATTERY,23100 Block of US HIGHWAY 19 N ,CLEARWATER,33765
Clearwater PD,2/15/2024,06:30:00PM,CW24-25453,GTA,STOLEN VEHICLE,1200 Block of S MISSOURI AVE ,CLEARWATER,33756
Clearwater PD,2/20/2024,06:20:00PM,CW24-28160,GTS,THEFT-SHOPLIFTING,27000 Block of US HIGHWAY 19 N ,CLEARWATER,33761
Clearwater PD,2/20/2024,12:40:00AM,CW24-27930,BEMP,BATTERY,300 Block of PINELLAS ST ,CLEARWATER,33756
Sheriff,2/25/2024,01:17:00PM,SO24-59326,BRGC,BURGLARY-VEHICLE,0 Block of HARBOR OAKS CIR ,SAFETY HARBOR,34695
Sheriff,2/15/2024,10:30:00AM,SO24-49092,PT,THEFT-PETIT,500 Block of PHILIPPE PKWY ,SAFETY HARBOR,34695
Sheriff,2/26/2024,08:00:00AM,SO24-60214,PT,THEFT-PETIT,10400 Block of GANDY BLVD ,PINELLAS SO,33702
Sheriff,2/15/2024,11:50:00AM,SO24-49345,PT,THEFT-PETIT,6000 Block of 49TH ST N ,PINELLAS SO,33709
Clearwater PD,2/15/2024,Unknown,CW24-25908,BAT,BATTERY,500 Block of GULFVIEW BLVD ,CLEARWATER,
Sheriff,2/15/2024,03:55:00AM,SO24-48709,BRGC,BURGLARY-VEHICLE,9900 Block of HAMLIN BLVD ,PINELLAS SO,33776
Clearwater PD,2/15/2024,12:00:00AM,CW24-25646,BAT,BATTERY,PENNSYLVANIA AVE & CARLTON ST,CLEARWATER,33755
Clearwater PD,2/15/2024,07:00:00AM,CW24-25595,PT,THEFT-PETIT,3000 Block of MARLO BLVD ,CLEARWATER,33759
Gulfport PD,2/20/2024,02:30:00PM,GP24-2811,BRGR,BURGLARY-RESIDENCE,2900 Block of 56TH ST S ,GULFPORT,33707
Sheriff,2/20/2024,08:53:00AM,SO24-53527,BSNE,BURGLARY-STRUCTURE,5700 Block of 49TH ST N ,PINELLAS SO,33709
Sheriff,2/20/2024,03:39:00AM,SO24-53329,FBPC,BATTERY,2900 Block of 166TH AVE N ,PINELLAS SO,33760
Clearwater PD,2/25/2024,12:00:00AM,CW24-30935,BRGC,BURGLARY-VEHICLE,2700 Block of HAVERHILL CT ,CLEARWATER,33761
Tarpon Springs PD,2/24/2024,08:26:00PM,TS24-6368,B65,BATTERY ,40900 Block of US HIGHWAY 19 N ,TARPON SPRINGS,34689
Clearwater PD,2/25/2024,11:09:00AM,CW24-30959,RFF,WEAPON,1500 Block of CLARK ST ,CLEARWATER,33755
Tarpon Springs PD,2/24/2024,12:02:00AM,TS24-6312,PTS,THEFT-SHOPLIFTING,600 Block of S PINELLAS AVE ,TARPON SPRINGS,34689
Clearwater PD,2/25/2024,07:45:00AM,CW24-30912,MPJU,MISSING PERSON,2800 Block of EDENWOOD ST ,CLEARWATER,33759
Clearwater PD,2/28/2024,11:38:00AM,CW24-32679,GTHN,THEFT-GRAND,1500 Block of S MICHIGAN AVE ,CLEARWATER,33756
Sheriff,2/21/2024,09:00:00AM,SO24-55394,PT,THEFT-PETIT,8800 Block of BRYAN DAIRY RD ,PINELLAS SO,33773
Clearwater PD,2/21/2024,12:00:00AM,CW24-28751,CM,VANDAL/CRIM MISCH,900 Block of SEMINOLE ST ,CLEARWATER,33755
Sheriff,2/15/2024,09:30:00PM,SO24-49227,BRGC,BURGLARY-VEHICLE,100 Block of 36TH ST SE ,PINELLAS SO,33771
Sheriff,2/21/2024,08:33:00AM,SO24-54794,SBR,BATTERY-SEXUAL,10400 Block of 1ST ST N ,PINELLAS SO,33702
Clearwater PD,2/21/2024,03:45:00PM,CW24-28849,BCNE,BURGLARY-VEHICLE,1300 Block of N MARTIN LUTHER KING JR ,CLEARWATER,33756
Sheriff,2/20/2024,07:50:00PM,SO24-54361,PT,THEFT-PETIT,6000 Block of 49TH ST N ,PINELLAS SO,33709
Sheriff,2/21/2024,01:08:00PM,SO24-55191,TAWN,TRESPASS,4300 Block of 54TH AVE N ,PINELLAS SO,33714
Sheriff,2/21/2024,11:18:00AM,SO24-55091,RFF,WEAPON,6200 Block of SHORELINE DR ,SEMINOLE,33708
Sheriff,2/26/2024,07:32:00PM,SO24-60844,PT,THEFT-PETIT,2100 Block of CATALINA DR N ,PINELLAS SO,33763
Sheriff,2/26/2024,08:00:00AM,SO24-60214,PT,THEFT-PETIT,10400 Block of GANDY BLVD ,ST PETERSBURG,33702
Sheriff,2/26/2024,04:03:00AM,SO24-60114,BRGC,BURGLARY-VEHICLE,1600 Block of W GROVELEAF AVE ,PINELLAS SO,34683
Sheriff,2/26/2024,02:00:00PM,SO24-60542,BAT,BATTERY,2000 Block of AUSTRALIA WAY E ,PINELLAS SO,33763
Sheriff,2/26/2024,12:30:00PM,SO24-60498,MPJU,MISSING PERSON,1800 Block of OAK PARK DR N ,PINELLAS SO,33764
Clearwater PD,2/23/2024,10:00:00PM,CW24-29888,ABCO,BURGLARY-VEHICLE,300 Block of PINELLAS ST ,CLEARWATER,33756
Sheriff,2/26/2024,10:54:00AM,SO24-60311,TSC,TRESPASS,3500 Block of 50TH AVE N ,PINELLAS SO,33714
Clearwater PD,2/20/2024,12:27:00PM,CW24-28144,PTS,THEFT-SHOPLIFTING,2700 Block of GULF TO BAY BLVD ,CLEARWATER,33759
Tarpon Springs PD,2/20/2024,06:50:00AM,TS24-5901,PT,THEFT-PETIT,43500 Block of US HIGHWAY 19 N ,TARPON SPRINGS,34689
Belleair PD,2/21/2024,03:00:00PM,BE24-2883,CM,VANDAL/CRIM MISCH,400 Block of WOODLAWN AVE ,BELLEAIR,33756
Treasure Island PD,2/21/2024,08:00:00AM,TI24-5064,CM,VANDAL/CRIM MISCH,500 Block of PLAZA SEVILLE CT ,TREASURE ISLAND,33706
Sheriff,2/15/2024,10:00:00PM,SO24-49175,PT,THEFT-PETIT,13000 Block of WALSINGHAM RD ,PINELLAS SO,33774
Tarpon Springs PD,2/15/2024,12:00:00AM,TS24-5392,MPA,MISSING PERSON,200 Block of LEAFWOOD RD ,TARPON SPRINGS,34689
Sheriff,2/15/2024,11:01:00PM,SO24-49677,CM,VANDAL/CRIM MISCH,14500 Block of GULF BLVD ,MADEIRA BEACH,33708
Clearwater PD,2/16/2024,11:30:00AM,CW24-26150,GTA,STOLEN VEHICLE,700 Block of LANTANA AVE ,CLEARWATER,33767
Clearwater PD,2/15/2024,09:47:00PM,CW24-25908,BAT,BATTERY,500 Block of S GULFVIEW BLVD ,CLEARWATER,33767
Treasure Island PD,2/15/2024,08:22:00PM,TI24-4461,GTA,STOLEN VEHICLE,200 Block of 107TH AVE ,TREASURE ISLAND,33706
Sheriff,2/26/2024,12:00:00AM,SO24-60526,GTF,THEFT-GRAND,400 Block of 16TH AVE SE ,PINELLAS SO,33771
Sheriff,2/26/2024,12:08:00PM,SO24-60389,RFF,WEAPON,10700 Block of ULMERTON RD ,LARGO,33778
Clearwater PD,2/25/2024,09:00:00AM,CW24-30967,GTR,THEFT-GRAND,1700 Block of SCOTT ST ,CLEARWATER,33755
Sheriff,2/27/2024,05:00:00PM,SO24-61776,BRGC,BURGLARY-VEHICLE,2600 Block of ARJAY CT ,PINELLAS SO,34684
Clearwater PD,2/25/2024,08:30:00AM,CW24-31201,PTTB,THEFT-PETIT,1200 Block of FRANKLIN CIR SE ,CLEARWATER,33756
Sheriff,2/26/2024,02:09:00PM,SO24-60764,GTTB,THEFT-GRAND,3400 Block of TAMPA RD ,PINELLAS SO,34684
Tarpon Springs PD,2/25/2024,07:22:00PM,TS24-6459,AB,BATTERY-AGGRAVATED,1500 Block of STARLIGHT CV ,TARPON SPRINGS,34689
Tarpon Springs PD,2/22/2024,02:27:00PM,TS24-6182,CM,VANDAL/CRIM MISCH,500 Block of E CURLEW PL ,TARPON SPRINGS,34689
Clearwater PD,2/22/2024,12:00:00AM,CW24-29253,PTS,THEFT-SHOPLIFTING,27000 Block of US HIGHWAY 19 N ,CLEARWATER,33761
Sheriff,2/22/2024,04:05:00AM,SO24-55922,PTS,THEFT-SHOPLIFTING,30300 Block of US HIGHWAY 19 N ,PINELLAS SO,34684
Sheriff,2/22/2024,12:00:00AM,SO24-56059,BRGC,BURGLARY-VEHICLE,2600 Block of COVE CAY DR ,PINELLAS SO,33760
Gulfport PD,2/21/2024,02:30:00PM,GP24-2877,PTS,THEFT-SHOPLIFTING,2900 Block of BEACH BLVD S ,GULFPORT,33707
Sheriff,2/26/2024,01:30:00PM,SO24-60670,PT,THEFT-PETIT,9000 Block of SEMINOLE BLVD ,SEMINOLE,33772
Sheriff,2/25/2024,11:00:00PM,SO24-59827,BRGC,BURGLARY-VEHICLE,1000 Block of BASS BLVD ,DUNEDIN,34698
Sheriff,2/26/2024,03:55:00PM,SO24-60472,FTPC,THEFT-GRAND,10500 Block of PARK BLVD N ,SEMINOLE,33772
Gulfport PD,2/26/2024,06:30:00AM,GP24-3164,AB65,BATTERY-AGGRAVATED,1900 Block of 55TH ST S ,GULFPORT,33707
Sheriff,2/26/2024,01:20:00PM,SO24-60473,TSC,TRESPASS,W BAY DR & CSX RR,LARGO,33778
Sheriff,2/26/2024,03:12:00PM,SO24-60613,TSC,TRESPASS,W BAY DR & CSX RR,LARGO,33778
Sheriff,2/20/2024,12:33:00PM,SO24-53823,LSAP,TRAFFIC ACCIDENT,100 Block of FOREST LAKES BLVD ,OLDSMAR,34677
Sheriff,2/22/2024,01:56:00PM,SO24-56444,PTS,THEFT-SHOPLIFTING,10200 Block of BAY PINES BLVD ,SEMINOLE,33708
